Iteration,Energy,Positional_error,Obstacle_distance,Task success,RNS,HV,Parameters
1,52.04,3.43,1.3,0,0.2,0.67,"{'controller_frequency': 4.521244287490845, 'planner_patience': 5.040245294570923, 'controller_patience': 3.3145854771137238, 'conservative_reset_dist': 2.489640474319458, 'acc_lim_theta': 4.427330106496811, 'acc_lim_trans': 0.22013205289840698, 'acc_lim_x': 1.5564534664154053, 'forward_point_distance': 0.5230254888534546, 'goal_distance_bias': 9.34813778847456, 'max_scaling_factor': 0.40323915481567385, 'max_vel_theta': 1.7557796835899353, 'max_vel_trans': 0.44977158755064006, 'max_vel_x': 0.593245267868042, 'min_vel_theta': 2.722527712583542, 'min_vel_trans': 0.11336612403392793, 'min_vel_x': -0.021936285495758046, 'occdist_scale': 0.4403975874185562, 'oscillation_reset_angle': 0.3781738996505738, 'path_distance_bias': 11.883870512247086, 'scaling_speed': 0.23841094970703125, 'sim_granularity': 0.03830691576004028, 'sim_time': 2.0383829474449158, 'stop_time_buffer': 0.3445325493812561, 'theta_stopped_vel': 0.1324109375476837, 'trans_stopped_vel': 0.0774465799331665, 'vth_samples': 14, 'vx_samples': 10, 'vy_samples': 10, 'publish_frequency': 3.672085165977478, 'resolution': 0.07698082268238068, 'transform_tolerance': 0.8690062820911408, 'update_frequency': 3.7926576137542725, 'cost_scaling_factor': 11.060479760169983, 'inflation_radius': 1.3571667194366455, 'planner_frequency': 0.0, 'oscillation_timeout': 5.0, 'oscillation_distance': 0.5, 'acc_lim_y': 0.0, 'angular_sim_granularity': 0.1, 'max_vel_y': 0.0, 'min_vel_y': 0.0, 'oscillation_reset_dist': 0.25, 'twirling_scale': 0, 'xy_goal_tolerance': 0.2, 'yaw_goal_tolerance': 0.1}"
2,163.64,4.03,0.69,0,0,0.43,"{'controller_frequency': 6.688848067075014, 'planner_patience': 5.617611262947321, 'controller_patience': 6.640835024416447, 'conservative_reset_dist': 3.595052894204855, 'acc_lim_theta': 3.717244458850473, 'acc_lim_trans': 0.4131067771464586, 'acc_lim_x': 4.333029225468636, 'forward_point_distance': 0.5453781568445265, 'goal_distance_bias': 11.643034545704722, 'max_scaling_factor': 0.4639155816286803, 'max_vel_theta': 1.9840804287232459, 'max_vel_trans': 0.7018864391371608, 'max_vel_x': 0.7235653142910451, 'min_vel_theta': 2.333395403344184, 'min_vel_trans': 0.17308493973687292, 'min_vel_x': -0.13763445988297462, 'occdist_scale': 0.0854361188132316, 'oscillation_reset_angle': 0.1056499794125557, 'path_distance_bias': 14.145276099443436, 'scaling_speed': 0.21975733172148465, 'sim_granularity': 0.018762943670153617, 'sim_time': 3.0541671458631754, 'stop_time_buffer': 1.1422599092125894, 'theta_stopped_vel': 0.10720626413822174, 'trans_stopped_vel': 0.07400869382545353, 'vth_samples': 14, 'vx_samples': 5, 'vy_samples': 12, 'publish_frequency': 2.1673580249771476, 'resolution': 0.11131137548945845, 'transform_tolerance': 0.9738462150096894, 'update_frequency': 1.3643096005544066, 'cost_scaling_factor': 6.709831940941513, 'inflation_radius': 0.6433151040226222, 'planner_frequency': 0.0, 'oscillation_timeout': 5.0, 'oscillation_distance': 0.5, 'acc_lim_y': 0.0, 'angular_sim_granularity': 0.1, 'max_vel_y': 0.0, 'min_vel_y': 0.0, 'oscillation_reset_dist': 0.25, 'twirling_scale': 0, 'xy_goal_tolerance': 0.2, 'yaw_goal_tolerance': 0.1}"
3,73.56,0.72,0.67,0,0.8,0.78,"{'controller_frequency': 3.4262214452028275, 'planner_patience': 3.3923311196267605, 'controller_patience': 3.0201233997941017, 'conservative_reset_dist': 3.0169087573885918, 'acc_lim_theta': 3.94629390090704, 'acc_lim_trans': 0.30811037570238115, 'acc_lim_x': 4.827985972166061, 'forward_point_distance': 0.6543695674277842, 'goal_distance_bias': 7.926340908743441, 'max_scaling_factor': 0.2509193379431963, 'max_vel_theta': 0.9026254815980792, 'max_vel_trans': 0.5984596116933971, 'max_vel_x': 0.546510558994487, 'min_vel_theta': 2.1380125880241394, 'min_vel_trans': 0.1574361133389175, 'min_vel_x': -0.015172595065087058, 'occdist_scale': 0.3649388825986534, 'oscillation_reset_angle': 0.4351227756589652, 'path_distance_bias': 43.23828212916851, 'scaling_speed': 0.2059455506503582, 'sim_granularity': 0.020096566658467055, 'sim_time': 0.6552047478035092, 'stop_time_buffer': 1.3287380147725343, 'theta_stopped_vel': 0.10704847602173687, 'trans_stopped_vel': 0.060605183243751526, 'vth_samples': 17, 'vx_samples': 6, 'vy_samples': 7, 'publish_frequency': 2.960726366378367, 'resolution': 0.11137964008376003, 'transform_tolerance': 0.20177699197083712, 'update_frequency': 1.2278699586167932, 'cost_scaling_factor': 7.4678942719474435, 'inflation_radius': 0.9330100603401661, 'planner_frequency': 0.0, 'oscillation_timeout': 5.0, 'oscillation_distance': 0.5, 'acc_lim_y': 0.0, 'angular_sim_granularity': 0.1, 'max_vel_y': 0.0, 'min_vel_y': 0.0, 'oscillation_reset_dist': 0.25, 'twirling_scale': 0, 'xy_goal_tolerance': 0.2, 'yaw_goal_tolerance': 0.1}"
4,224.8,1.87,0.64,0,0.4,0.38,"{'controller_frequency': 6.219179037958384, 'planner_patience': 6.851047340780497, 'controller_patience': 6.022149708122015, 'conservative_reset_dist': 3.192552626132965, 'acc_lim_theta': 2.2262487318366766, 'acc_lim_trans': 0.44260936267673967, 'acc_lim_x': 4.7510534934699535, 'forward_point_distance': 0.23273275177925826, 'goal_distance_bias': 25.516150793991983, 'max_scaling_factor': 0.22899560779333117, 'max_vel_theta': 1.0197488530538976, 'max_vel_trans': 0.6428768383339047, 'max_vel_x': 0.49431634987704454, 'min_vel_theta': 2.2070562900044024, 'min_vel_trans': 0.185241364967078, 'min_vel_x': -0.2987479177303612, 'occdist_scale': 0.38766687070019545, 'oscillation_reset_angle': 0.4956637687981129, 'path_distance_bias': 37.83514562994242, 'scaling_speed': 0.32571030259132383, 'sim_granularity': 0.04125245651230216, 'sim_time': 0.7996151074767113, 'stop_time_buffer': 1.1811348693445325, 'theta_stopped_vel': 0.1267449685372412, 'trans_stopped_vel': 0.145048130210489, 'vth_samples': 20, 'vx_samples': 3, 'vy_samples': 4, 'publish_frequency': 4.103717463091016, 'resolution': 0.09139940953813494, 'transform_tolerance': 1.3820313727483153, 'update_frequency': 1.3720937110483646, 'cost_scaling_factor': 3.3585230568423867, 'inflation_radius': 0.8564824920147658, 'planner_frequency': 0.0, 'oscillation_timeout': 5.0, 'oscillation_distance': 0.5, 'acc_lim_y': 0.0, 'angular_sim_granularity': 0.1, 'max_vel_y': 0.0, 'min_vel_y': 0.0, 'oscillation_reset_dist': 0.25, 'twirling_scale': 0, 'xy_goal_tolerance': 0.2, 'yaw_goal_tolerance': 0.1}"
5,360,5.12,0.4,0,0,0.07,"{'controller_frequency': 6.911498945206404, 'planner_patience': 4.7047755271196365, 'controller_patience': 6.848265636712313, 'conservative_reset_dist': 2.0007681846618652, 'acc_lim_theta': 2.2439808174967766, 'acc_lim_trans': 0.4485350709408522, 'acc_lim_x': 2.277587205171585, 'forward_point_distance': 0.451456974633038, 'goal_distance_bias': 21.94375594612211, 'max_scaling_factor': 0.39496495947241783, 'max_vel_theta': 1.7299378081224859, 'max_vel_trans': 0.44773928783833983, 'max_vel_x': 0.4908228740561753, 'min_vel_theta': 2.093744168523699, 'min_vel_trans': 0.19955904129892588, 'min_vel_x': -0.021413426008075498, 'occdist_scale': 0.18816787693649534, 'oscillation_reset_angle': 0.12314842082560062, 'path_distance_bias': 43.61032385379076, 'scaling_speed': 0.28603081330657004, 'sim_granularity': 0.03929771547205746, 'sim_time': 0.5233004922047257, 'stop_time_buffer': 1.2137134870514275, 'theta_stopped_vel': 0.0700009479187429, 'trans_stopped_vel': 0.05677061481401324, 'vth_samples': 12, 'vx_samples': 3, 'vy_samples': 3, 'publish_frequency': 2.1742226406931877, 'resolution': 0.06778444333001972, 'transform_tolerance': 0.8163186294957996, 'update_frequency': 3.8828176530078053, 'cost_scaling_factor': 2.8483270313590765, 'inflation_radius': 0.4711672246456146, 'planner_frequency': 0.0, 'oscillation_timeout': 5.0, 'oscillation_distance': 0.5, 'acc_lim_y': 0.0, 'angular_sim_granularity': 0.1, 'max_vel_y': 0.0, 'min_vel_y': 0.0, 'oscillation_reset_dist': 0.25, 'twirling_scale': 0, 'xy_goal_tolerance': 0.2, 'yaw_goal_tolerance': 0.1}"
6,81.24,1.77,0.4,0,0.4,0.7,"{'controller_frequency': 5.34988609701395, 'planner_patience': 6.307164825499058, 'controller_patience': 5.043190166354179, 'conservative_reset_dist': 2.505292668938637, 'acc_lim_theta': 2.7020326444879172, 'acc_lim_trans': 0.17093393467366697, 'acc_lim_x': 4.954466745257378, 'forward_point_distance': 0.5770035413093865, 'goal_distance_bias': 38.564998265355825, 'max_scaling_factor': 0.2636911876499653, 'max_vel_theta': 0.8340747836045921, 'max_vel_trans': 0.4414481075014919, 'max_vel_x': 0.4202952382620424, 'min_vel_theta': 2.549884021282196, 'min_vel_trans': 0.1299486553296447, 'min_vel_x': -0.01660335799679158, 'occdist_scale': 0.3361201288178563, 'oscillation_reset_angle': 0.2599199328571558, 'path_distance_bias': 35.85863534361124, 'scaling_speed': 0.2093233784660697, 'sim_granularity': 0.03704764734953642, 'sim_time': 3.005664397031069, 'stop_time_buffer': 1.091156948916614, 'theta_stopped_vel': 0.08517381642013788, 'trans_stopped_vel': 0.11732989950105548, 'vth_samples': 26, 'vx_samples': 10, 'vy_samples': 10, 'publish_frequency': 2.914478586986661, 'resolution': 0.148911014245823, 'transform_tolerance': 0.24296823572367432, 'update_frequency': 1.4359202506020665, 'cost_scaling_factor': 15.8808922348544, 'inflation_radius': 0.9594077635556459, 'planner_frequency': 0.0, 'oscillation_timeout': 5.0, 'oscillation_distance': 0.5, 'acc_lim_y': 0.0, 'angular_sim_granularity': 0.1, 'max_vel_y': 0.0, 'min_vel_y': 0.0, 'oscillation_reset_dist': 0.25, 'twirling_scale': 0, 'xy_goal_tolerance': 0.2, 'yaw_goal_tolerance': 0.1}"
7,103.84,1.78,0.91,0,0.4,0.65,"{'controller_frequency': 3.1941568180918694, 'planner_patience': 6.52567845210433, 'controller_patience': 4.327421493828297, 'conservative_reset_dist': 3.7963553965091705, 'acc_lim_theta': 2.259854322578758, 'acc_lim_trans': 0.24820406287908556, 'acc_lim_x': 3.6882211938500404, 'forward_point_distance': 0.7117632891982794, 'goal_distance_bias': 18.976317276246846, 'max_scaling_factor': 0.45642781704664237, 'max_vel_theta': 1.3211749028414488, 'max_vel_trans': 0.3791042224969715, 'max_vel_x': 0.6610347617883235, 'min_vel_theta': 1.9114587935619056, 'min_vel_trans': 0.14863107930868866, 'min_vel_x': -0.25207599671557546, 'occdist_scale': 0.1613115995191038, 'oscillation_reset_angle': 0.14957733042538168, 'path_distance_bias': 25.442728511989117, 'scaling_speed': 0.24597562123090028, 'sim_granularity': 0.017539678886532784, 'sim_time': 1.3783161751925945, 'stop_time_buffer': 0.8140542777255176, 'theta_stopped_vel': 0.10133142098784446, 'trans_stopped_vel': 0.06489890832453966, 'vth_samples': 20, 'vx_samples': 8, 'vy_samples': 11, 'publish_frequency': 2.2251660646870732, 'resolution': 0.10374161816202104, 'transform_tolerance': 1.2781772756949068, 'update_frequency': 3.7850865060463548, 'cost_scaling_factor': 10.297301183454692, 'inflation_radius': 1.1182645238935947, 'planner_frequency': 0.0, 'oscillation_timeout': 5.0, 'oscillation_distance': 0.5, 'acc_lim_y': 0.0, 'angular_sim_granularity': 0.1, 'max_vel_y': 0.0, 'min_vel_y': 0.0, 'oscillation_reset_dist': 0.25, 'twirling_scale': 0, 'xy_goal_tolerance': 0.2, 'yaw_goal_tolerance': 0.1}"
8,188.24,6.84,0.4,0,0,0.29,"{'controller_frequency': 4.34023168310523, 'planner_patience': 3.678370676934719, 'controller_patience': 3.5112118534743786, 'conservative_reset_dist': 1.4601442776620388, 'acc_lim_theta': 4.682813059818, 'acc_lim_trans': 0.35992297939956186, 'acc_lim_x': 2.0129855014383793, 'forward_point_distance': 0.390647960267961, 'goal_distance_bias': 37.162812715396285, 'max_scaling_factor': 0.24912577457726004, 'max_vel_theta': 1.1884489539079368, 'max_vel_trans': 0.6384621750097722, 'max_vel_x': 0.4195697992108762, 'min_vel_theta': 2.1531554334796965, 'min_vel_trans': 0.12828558534383774, 'min_vel_x': -0.001291428040713083, 'occdist_scale': 0.0782746157143265, 'oscillation_reset_angle': 0.2546215552836657, 'path_distance_bias': 49.00560703128576, 'scaling_speed': 0.30698217172175646, 'sim_granularity': 0.0312440241035074, 'sim_time': 3.3072310937568545, 'stop_time_buffer': 0.5514409026131034, 'theta_stopped_vel': 0.08181520430371166, 'trans_stopped_vel': 0.09234013492241502, 'vth_samples': 17, 'vx_samples': 5, 'vy_samples': 3, 'publish_frequency': 3.3722011456266046, 'resolution': 0.10837256784550846, 'transform_tolerance': 0.26668497994542123, 'update_frequency': 1.4937005368992686, 'cost_scaling_factor': 4.879999999888241, 'inflation_radius': 0.49809921272099017, 'planner_frequency': 0.0, 'oscillation_timeout': 5.0, 'oscillation_distance': 0.5, 'acc_lim_y': 0.0, 'angular_sim_granularity': 0.1, 'max_vel_y': 0.0, 'min_vel_y': 0.0, 'oscillation_reset_dist': 0.25, 'twirling_scale': 0, 'xy_goal_tolerance': 0.2, 'yaw_goal_tolerance': 0.1}"
9,226.12,6.53,1.04,0,0,0.25,"{'controller_frequency': 4.468713451176882, 'planner_patience': 6.2437804490327835, 'controller_patience': 4.461825925856829, 'conservative_reset_dist': 2.0563386529684067, 'acc_lim_theta': 3.2493388546630744, 'acc_lim_trans': 0.4624829705804586, 'acc_lim_x': 4.704242955893278, 'forward_point_distance': 0.5583302941173315, 'goal_distance_bias': 17.147566666826606, 'max_scaling_factor': 0.1280529908835888, 'max_vel_theta': 1.9404608188197017, 'max_vel_trans': 0.5810182575602084, 'max_vel_x': 0.6646023696754128, 'min_vel_theta': 2.1755398269742727, 'min_vel_trans': 0.15650586420670154, 'min_vel_x': -0.22141053518280385, 'occdist_scale': 0.07233235305175185, 'oscillation_reset_angle': 0.48836014196276667, 'path_distance_bias': 17.063154131174088, 'scaling_speed': 0.2104040803387761, 'sim_granularity': 0.03174337428063154, 'sim_time': 3.1376247219741344, 'stop_time_buffer': 0.9419053530320525, 'theta_stopped_vel': 0.13918898738920688, 'trans_stopped_vel': 0.08347223326563835, 'vth_samples': 26, 'vx_samples': 9, 'vy_samples': 0, 'publish_frequency': 4.192587643861771, 'resolution': 0.10854641576297581, 'transform_tolerance': 0.4925825543701649, 'update_frequency': 4.135834229178727, 'cost_scaling_factor': 8.659803668037057, 'inflation_radius': 0.412269789353013, 'planner_frequency': 0.0, 'oscillation_timeout': 5.0, 'oscillation_distance': 0.5, 'acc_lim_y': 0.0, 'angular_sim_granularity': 0.1, 'max_vel_y': 0.0, 'min_vel_y': 0.0, 'oscillation_reset_dist': 0.25, 'twirling_scale': 0, 'xy_goal_tolerance': 0.2, 'yaw_goal_tolerance': 0.1}"
10,56.68,3.68,1.03,0,0.2,0.65,"{'controller_frequency': 6.264855667948723, 'planner_patience': 6.511878293007612, 'controller_patience': 5.422041971236467, 'conservative_reset_dist': 3.6100716181099415, 'acc_lim_theta': 3.1615411126986146, 'acc_lim_trans': 0.22759053483605385, 'acc_lim_x': 2.767473742365837, 'forward_point_distance': 0.710367794521153, 'goal_distance_bias': 34.080410483293235, 'max_scaling_factor': 0.4955267231911421, 'max_vel_theta': 1.9008394395932555, 'max_vel_trans': 0.7127396995201707, 'max_vel_x': 0.31502869706600906, 'min_vel_theta': 2.0409111930057406, 'min_vel_trans': 0.1644797963090241, 'min_vel_x': -0.13443685490638016, 'occdist_scale': 0.46733870059251786, 'oscillation_reset_angle': 0.46530165188014505, 'path_distance_bias': 38.815439604222775, 'scaling_speed': 0.15662547815591096, 'sim_granularity': 0.022004259657114743, 'sim_time': 0.5905835684388876, 'stop_time_buffer': 0.8407977879047394, 'theta_stopped_vel': 0.11234965305775405, 'trans_stopped_vel': 0.08758245287463069, 'vth_samples': 11, 'vx_samples': 5, 'vy_samples': 6, 'publish_frequency': 1.4896188527345657, 'resolution': 0.14006804713979362, 'transform_tolerance': 0.9381581801921131, 'update_frequency': 2.5340791270136833, 'cost_scaling_factor': 17.343031748197973, 'inflation_radius': 1.2403212446719407, 'planner_frequency': 0.0, 'oscillation_timeout': 5.0, 'oscillation_distance': 0.5, 'acc_lim_y': 0.0, 'angular_sim_granularity': 0.1, 'max_vel_y': 0.0, 'min_vel_y': 0.0, 'oscillation_reset_dist': 0.25, 'twirling_scale': 0, 'xy_goal_tolerance': 0.2, 'yaw_goal_tolerance': 0.1}"
11,240.04,6.94,0.4,0,0,0.21,"{'controller_frequency': 4.4418572671711445, 'planner_patience': 6.449456166476011, 'controller_patience': 5.79828118160367, 'conservative_reset_dist': 3.140320636332035, 'acc_lim_theta': 4.252222774736584, 'acc_lim_trans': 0.16392929032444953, 'acc_lim_x': 2.8025952018797398, 'forward_point_distance': 0.295437379181385, 'goal_distance_bias': 13.053200775757432, 'max_scaling_factor': 0.31814757995307447, 'max_vel_theta': 1.1778536904603243, 'max_vel_trans': 0.583471053885296, 'max_vel_x': 0.6387800758704543, 'min_vel_theta': 2.188579222653061, 'min_vel_trans': 0.14642606927081944, 'min_vel_x': -0.08896119212731718, 'occdist_scale': 0.11050937976688147, 'oscillation_reset_angle': 0.14928989708423615, 'path_distance_bias': 45.44176496565342, 'scaling_speed': 0.15549338273704053, 'sim_granularity': 0.035972064407542345, 'sim_time': 3.371854804456234, 'stop_time_buffer': 1.4715103769674898, 'theta_stopped_vel': 0.09660886414349079, 'trans_stopped_vel': 0.06701118368655443, 'vth_samples': 18, 'vx_samples': 5, 'vy_samples': 14, 'publish_frequency': 2.9149321783334017, 'resolution': 0.12862911614589392, 'transform_tolerance': 1.2754247911274432, 'update_frequency': 1.9177906159311533, 'cost_scaling_factor': 7.742931270971894, 'inflation_radius': 0.851376548409462, 'planner_frequency': 0.0, 'oscillation_timeout': 5.0, 'oscillation_distance': 0.5, 'acc_lim_y': 0.0, 'angular_sim_granularity': 0.1, 'max_vel_y': 0.0, 'min_vel_y': 0.0, 'oscillation_reset_dist': 0.25, 'twirling_scale': 0, 'xy_goal_tolerance': 0.2, 'yaw_goal_tolerance': 0.1}"
12,140.4,3.76,0.4,0,0,0.49,"{'controller_frequency': 3.395652025938034, 'planner_patience': 4.50972692668438, 'controller_patience': 5.644171483814716, 'conservative_reset_dist': 1.948111779987812, 'acc_lim_theta': 3.861800491716713, 'acc_lim_trans': 0.4049254976212978, 'acc_lim_x': 3.0573520213365555, 'forward_point_distance': 0.3055142116732895, 'goal_distance_bias': 37.480959189124405, 'max_scaling_factor': 0.2103399358689785, 'max_vel_theta': 0.7621246483176947, 'max_vel_trans': 0.46453876127488913, 'max_vel_x': 0.5895022099837661, 'min_vel_theta': 2.5310128927230835, 'min_vel_trans': 0.11717316918075085, 'min_vel_x': -0.0712213165126741, 'occdist_scale': 0.49563151844777165, 'oscillation_reset_angle': 0.41690128706395624, 'path_distance_bias': 25.467315316200256, 'scaling_speed': 0.2788165586069226, 'sim_granularity': 0.04303099874407053, 'sim_time': 3.2652799393981695, 'stop_time_buffer': 0.5454204682260752, 'theta_stopped_vel': 0.05030002053827048, 'trans_stopped_vel': 0.0870118597522378, 'vth_samples': 23, 'vx_samples': 8, 'vy_samples': 8, 'publish_frequency': 5.545133761130273, 'resolution': 0.11014092369936407, 'transform_tolerance': 1.358438140898943, 'update_frequency': 4.377638435922563, 'cost_scaling_factor': 4.254540010355413, 'inflation_radius': 1.2890642009675501, 'planner_frequency': 0.0, 'oscillation_timeout': 5.0, 'oscillation_distance': 0.5, 'acc_lim_y': 0.0, 'angular_sim_granularity': 0.1, 'max_vel_y': 0.0, 'min_vel_y': 0.0, 'oscillation_reset_dist': 0.25, 'twirling_scale': 0, 'xy_goal_tolerance': 0.2, 'yaw_goal_tolerance': 0.1}"
13,76.48,0.6,0.7,0,0.8,0.78,"{'controller_frequency': 4.146549064666033, 'planner_patience': 5.07668125256896, 'controller_patience': 5.155236791819334, 'conservative_reset_dist': 2.238977812230587, 'acc_lim_theta': 3.18184100240469, 'acc_lim_trans': 0.23854449205100536, 'acc_lim_x': 4.306748043745756, 'forward_point_distance': 0.673987056966871, 'goal_distance_bias': 35.82584624644369, 'max_scaling_factor': 0.21382700987160208, 'max_vel_theta': 0.6213288865983486, 'max_vel_trans': 0.3293468731921166, 'max_vel_x': 0.6851274569984526, 'min_vel_theta': 1.8746127071790397, 'min_vel_trans': 0.16939679645001887, 'min_vel_x': -0.19528184048831462, 'occdist_scale': 0.3910089706070721, 'oscillation_reset_angle': 0.41647160425782204, 'path_distance_bias': 37.80168533325195, 'scaling_speed': 0.3192871684208512, 'sim_granularity': 0.036636488065123554, 'sim_time': 1.1429899409413338, 'stop_time_buffer': 0.4215302554890513, 'theta_stopped_vel': 0.06709157172590494, 'trans_stopped_vel': 0.07360552549362183, 'vth_samples': 10, 'vx_samples': 4, 'vy_samples': 0, 'publish_frequency': 5.120376217179, 'resolution': 0.0607552482187748, 'transform_tolerance': 1.530908071435988, 'update_frequency': 1.2535669459030032, 'cost_scaling_factor': 18.84874220751226, 'inflation_radius': 0.5006147235631943, 'planner_frequency': 0.0, 'oscillation_timeout': 5.0, 'oscillation_distance': 0.5, 'acc_lim_y': 0.0, 'angular_sim_granularity': 0.1, 'max_vel_y': 0.0, 'min_vel_y': 0.0, 'oscillation_reset_dist': 0.25, 'twirling_scale': 0, 'xy_goal_tolerance': 0.2, 'yaw_goal_tolerance': 0.1}"
14,124.44,3.65,1.07,0,0.2,0.52,"{'controller_frequency': 6.481888446956873, 'planner_patience': 3.105877373367548, 'controller_patience': 6.505845915526152, 'conservative_reset_dist': 2.895886369049549, 'acc_lim_theta': 4.0623965775594115, 'acc_lim_trans': 0.1364323366433382, 'acc_lim_x': 4.277652148157358, 'forward_point_distance': 0.544398530293256, 'goal_distance_bias': 14.789390079677105, 'max_scaling_factor': 0.3806943848729134, 'max_vel_theta': 1.2183036305941641, 'max_vel_trans': 0.46282478696666657, 'max_vel_x': 0.617810599738732, 'min_vel_theta': 1.969414939172566, 'min_vel_trans': 0.15337109351530673, 'min_vel_x': -0.27285378640517594, 'occdist_scale': 0.08829611469991505, 'oscillation_reset_angle': 0.24051645025610924, 'path_distance_bias': 23.54411955922842, 'scaling_speed': 0.31362385768443346, 'sim_granularity': 0.029774357378482816, 'sim_time': 2.7614860013127327, 'stop_time_buffer': 0.4076309744268656, 'theta_stopped_vel': 0.11667190426960587, 'trans_stopped_vel': 0.12612230097875, 'vth_samples': 18, 'vx_samples': 6, 'vy_samples': 15, 'publish_frequency': 3.2820913325995207, 'resolution': 0.06852004129439593, 'transform_tolerance': 1.4427413817495107, 'update_frequency': 3.483076648786664, 'cost_scaling_factor': 13.786385420709848, 'inflation_radius': 1.2664326041936873, 'planner_frequency': 0.0, 'oscillation_timeout': 5.0, 'oscillation_distance': 0.5, 'acc_lim_y': 0.0, 'angular_sim_granularity': 0.1, 'max_vel_y': 0.0, 'min_vel_y': 0.0, 'oscillation_reset_dist': 0.25, 'twirling_scale': 0, 'xy_goal_tolerance': 0.2, 'yaw_goal_tolerance': 0.1}"
15,93.88,3.8,0.5,0,0,0.57,"{'controller_frequency': 6.832996614277363, 'planner_patience': 6.931854169815779, 'controller_patience': 5.060183621942997, 'conservative_reset_dist': 1.1531946808099747, 'acc_lim_theta': 1.9968637183308602, 'acc_lim_trans': 0.38872248753905303, 'acc_lim_x': 3.3535853028297424, 'forward_point_distance': 0.40006750440225003, 'goal_distance_bias': 34.42032472696155, 'max_scaling_factor': 0.4242192264646292, 'max_vel_theta': 0.71356421103701, 'max_vel_trans': 0.7219656314235181, 'max_vel_x': 0.4549451165366918, 'min_vel_theta': 2.1088367896154523, 'min_vel_trans': 0.14694184437394142, 'min_vel_x': -0.042252801731228806, 'occdist_scale': 0.24517827103845774, 'oscillation_reset_angle': 0.35834046825766563, 'path_distance_bias': 29.233326315879822, 'scaling_speed': 0.32720271851867433, 'sim_granularity': 0.018810235653072594, 'sim_time': 0.967724060639739, 'stop_time_buffer': 0.5529893802478909, 'theta_stopped_vel': 0.05446136798709631, 'trans_stopped_vel': 0.0658207431435585, 'vth_samples': 10, 'vx_samples': 8, 'vy_samples': 3, 'publish_frequency': 2.4171634754166007, 'resolution': 0.12997770385816693, 'transform_tolerance': 0.9244871452450754, 'update_frequency': 2.1405217740684748, 'cost_scaling_factor': 3.726688970811665, 'inflation_radius': 1.2112779546529053, 'planner_frequency': 0.0, 'oscillation_timeout': 5.0, 'oscillation_distance': 0.5, 'acc_lim_y': 0.0, 'angular_sim_granularity': 0.1, 'max_vel_y': 0.0, 'min_vel_y': 0.0, 'oscillation_reset_dist': 0.25, 'twirling_scale': 0, 'xy_goal_tolerance': 0.2, 'yaw_goal_tolerance': 0.1}"
16,112.44,0.7,0.4,0,0.8,0.69,"{'controller_frequency': 5.969654530286789, 'planner_patience': 3.4652134589850903, 'controller_patience': 6.1254570707678795, 'conservative_reset_dist': 3.8915829844772816, 'acc_lim_theta': 2.795094205904752, 'acc_lim_trans': 0.1808241676539183, 'acc_lim_x': 2.294093791395426, 'forward_point_distance': 0.6716641931794584, 'goal_distance_bias': 19.004292357712984, 'max_scaling_factor': 0.4635323651134968, 'max_vel_theta': 0.9321016748435795, 'max_vel_trans': 0.6759092146530747, 'max_vel_x': 0.6864499608054757, 'min_vel_theta': 1.747628121636808, 'min_vel_trans': 0.1091450870037079, 'min_vel_x': -0.07803629916161298, 'occdist_scale': 0.3721782573498785, 'oscillation_reset_angle': 0.45728936828672884, 'path_distance_bias': 44.01290163397789, 'scaling_speed': 0.24886422362178562, 'sim_granularity': 0.022157460171729326, 'sim_time': 2.798554395325482, 'stop_time_buffer': 0.5406926058232784, 'theta_stopped_vel': 0.0689366745762527, 'trans_stopped_vel': 0.1362081654369831, 'vth_samples': 28, 'vx_samples': 5, 'vy_samples': 14, 'publish_frequency': 2.0073603270575404, 'resolution': 0.05671267859637738, 'transform_tolerance': 1.1814774263650178, 'update_frequency': 2.494087832979858, 'cost_scaling_factor': 10.197133057750762, 'inflation_radius': 1.2625834934413434, 'planner_frequency': 0.0, 'oscillation_timeout': 5.0, 'oscillation_distance': 0.5, 'acc_lim_y': 0.0, 'angular_sim_granularity': 0.1, 'max_vel_y': 0.0, 'min_vel_y': 0.0, 'oscillation_reset_dist': 0.25, 'twirling_scale': 0, 'xy_goal_tolerance': 0.2, 'yaw_goal_tolerance': 0.1}"
17,33.4,3.02,1.24,0,0.2,0.73,"{'controller_frequency': 4.203925594687462, 'planner_patience': 6.790026184171438, 'controller_patience': 3.666534710675478, 'conservative_reset_dist': 1.3980148658156395, 'acc_lim_theta': 3.4498403782956304, 'acc_lim_trans': 0.3065183747559786, 'acc_lim_x': 4.344285808503628, 'forward_point_distance': 0.37868979377672074, 'goal_distance_bias': 18.144569247961044, 'max_scaling_factor': 0.49441195912659175, 'max_vel_theta': 1.3783369958400726, 'max_vel_trans': 0.7219491727184504, 'max_vel_x': 0.7195002530235797, 'min_vel_theta': 1.8349374155513942, 'min_vel_trans': 0.15026962682604791, 'min_vel_x': -0.2614785036072135, 'occdist_scale': 0.3642835401464254, 'oscillation_reset_angle': 0.34805585667490957, 'path_distance_bias': 34.1267828643322, 'scaling_speed': 0.3227946704253554, 'sim_granularity': 0.04215449921786785, 'sim_time': 2.6567569319158792, 'stop_time_buffer': 1.2018044337630271, 'theta_stopped_vel': 0.07261382332071661, 'trans_stopped_vel': 0.14936727778986097, 'vth_samples': 25, 'vx_samples': 8, 'vy_samples': 14, 'publish_frequency': 5.524553753435612, 'resolution': 0.0971466272044927, 'transform_tolerance': 1.7881892431527375, 'update_frequency': 5.198270649649203, 'cost_scaling_factor': 17.85037910565734, 'inflation_radius': 0.6128994360566139, 'planner_frequency': 0.0, 'oscillation_timeout': 5.0, 'oscillation_distance': 0.5, 'acc_lim_y': 0.0, 'angular_sim_granularity': 0.1, 'max_vel_y': 0.0, 'min_vel_y': 0.0, 'oscillation_reset_dist': 0.25, 'twirling_scale': 0, 'xy_goal_tolerance': 0.2, 'yaw_goal_tolerance': 0.1}"
18,244.04,2.66,0.77,0,0,0.32,"{'controller_frequency': 5.597972355782986, 'planner_patience': 6.09509564936161, 'controller_patience': 5.81891131028533, 'conservative_reset_dist': 4.5693434253335, 'acc_lim_theta': 4.617298956774175, 'acc_lim_trans': 0.3466287471354008, 'acc_lim_x': 1.7181206233799458, 'forward_point_distance': 0.3244399571791291, 'goal_distance_bias': 36.698438110761344, 'max_scaling_factor': 0.10132214985787868, 'max_vel_theta': 0.609436861705035, 'max_vel_trans': 0.5551386072300375, 'max_vel_x': 0.7156234032008797, 'min_vel_theta': 2.7595078465528786, 'min_vel_trans': 0.11374252224341036, 'min_vel_x': -0.24043679209426044, 'occdist_scale': 0.362547091441229, 'oscillation_reset_angle': 0.22405836954712868, 'path_distance_bias': 47.80988376587629, 'scaling_speed': 0.23494780398905274, 'sim_granularity': 0.02252655493095517, 'sim_time': 2.781937498599291, 'stop_time_buffer': 1.345029222033918, 'theta_stopped_vel': 0.08239112831652165, 'trans_stopped_vel': 0.09256855808198453, 'vth_samples': 28, 'vx_samples': 5, 'vy_samples': 1, 'publish_frequency': 5.675858644768596, 'resolution': 0.10005428969860078, 'transform_tolerance': 1.161644115112722, 'update_frequency': 1.9858033573254943, 'cost_scaling_factor': 9.349350229837, 'inflation_radius': 0.8068875677883625, 'planner_frequency': 0.0, 'oscillation_timeout': 5.0, 'oscillation_distance': 0.5, 'acc_lim_y': 0.0, 'angular_sim_granularity': 0.1, 'max_vel_y': 0.0, 'min_vel_y': 0.0, 'oscillation_reset_dist': 0.25, 'twirling_scale': 0, 'xy_goal_tolerance': 0.2, 'yaw_goal_tolerance': 0.1}"
19,68.64,7.1,2.93,0,0,0.44,"{'controller_frequency': 4.3477524146437645, 'planner_patience': 4.343411032110453, 'controller_patience': 3.5179264657199383, 'conservative_reset_dist': 2.115226872265339, 'acc_lim_theta': 2.3282802194356917, 'acc_lim_trans': 0.37163981385529044, 'acc_lim_x': 3.0618621706962585, 'forward_point_distance': 0.2804378149099648, 'goal_distance_bias': 9.737524008378386, 'max_scaling_factor': 0.45414180867373943, 'max_vel_theta': 0.9920244859531522, 'max_vel_trans': 0.6075611892621964, 'max_vel_x': 0.39500138447619976, 'min_vel_theta': 1.7553951563313603, 'min_vel_trans': 0.18813448389992118, 'min_vel_x': -0.026985382474958908, 'occdist_scale': 0.3607931233011186, 'oscillation_reset_angle': 0.48904068358242514, 'path_distance_bias': 48.73214077204466, 'scaling_speed': 0.18285410068929195, 'sim_granularity': 0.022412231750786302, 'sim_time': 1.5153356911614537, 'stop_time_buffer': 1.2692019835114479, 'theta_stopped_vel': 0.14103528615087269, 'trans_stopped_vel': 0.11554486779496073, 'vth_samples': 12, 'vx_samples': 7, 'vy_samples': 10, 'publish_frequency': 1.4698189487680793, 'resolution': 0.060677126673981535, 'transform_tolerance': 0.9198226295411587, 'update_frequency': 1.1534149423241615, 'cost_scaling_factor': 3.2057737139984965, 'inflation_radius': 0.7275892853736877, 'planner_frequency': 0.0, 'oscillation_timeout': 5.0, 'oscillation_distance': 0.5, 'acc_lim_y': 0.0, 'angular_sim_granularity': 0.1, 'max_vel_y': 0.0, 'min_vel_y': 0.0, 'oscillation_reset_dist': 0.25, 'twirling_scale': 0, 'xy_goal_tolerance': 0.2, 'yaw_goal_tolerance': 0.1}"
20,172.28,2.87,0.4,0,0.4,0.46,"{'controller_frequency': 3.871640682220459, 'planner_patience': 3.8816681653261185, 'controller_patience': 4.7000721246004105, 'conservative_reset_dist': 3.602072913199663, 'acc_lim_theta': 2.5671606096439064, 'acc_lim_trans': 0.3552681658416986, 'acc_lim_x': 3.833131328225136, 'forward_point_distance': 0.5990873704664409, 'goal_distance_bias': 17.067614975385368, 'max_scaling_factor': 0.20654360353946688, 'max_vel_theta': 1.171335562132299, 'max_vel_trans': 0.4073872838169336, 'max_vel_x': 0.6033055390231311, 'min_vel_theta': 1.9314396302215755, 'min_vel_trans': 0.10164083717390895, 'min_vel_x': -0.21915530087426305, 'occdist_scale': 0.18647342575713993, 'oscillation_reset_angle': 0.4223633501678705, 'path_distance_bias': 42.79171720147133, 'scaling_speed': 0.3367252890020609, 'sim_granularity': 0.03760642345994711, 'sim_time': 2.7566830730065703, 'stop_time_buffer': 0.782247570157051, 'theta_stopped_vel': 0.14526367401704193, 'trans_stopped_vel': 0.14327528486028313, 'vth_samples': 12, 'vx_samples': 4, 'vy_samples': 11, 'publish_frequency': 4.652169345878065, 'resolution': 0.1109121970832348, 'transform_tolerance': 1.91740229036659, 'update_frequency': 4.698224052786827, 'cost_scaling_factor': 10.746523404493928, 'inflation_radius': 0.8793276306241751, 'planner_frequency': 0.0, 'oscillation_timeout': 5.0, 'oscillation_distance': 0.5, 'acc_lim_y': 0.0, 'angular_sim_granularity': 0.1, 'max_vel_y': 0.0, 'min_vel_y': 0.0, 'oscillation_reset_dist': 0.25, 'twirling_scale': 0, 'xy_goal_tolerance': 0.2, 'yaw_goal_tolerance': 0.1}"
21,104.04,3.98,0.4,0,0.2,0.54,"{'controller_frequency': 6.1640355587005615, 'planner_patience': 5.670753315091133, 'controller_patience': 3.8688267283141613, 'conservative_reset_dist': 3.0378951393067837, 'acc_lim_theta': 5.050354165304452, 'acc_lim_trans': 0.4761968571692705, 'acc_lim_x': 2.486678823828697, 'forward_point_distance': 0.675270805042237, 'goal_distance_bias': 30.809381930157542, 'max_scaling_factor': 0.12810594998300076, 'max_vel_theta': 1.5543311447836459, 'max_vel_trans': 0.474072523182258, 'max_vel_x': 0.4269957630895078, 'min_vel_theta': 2.4295577444136143, 'min_vel_trans': 0.1412304572761059, 'min_vel_x': -0.0392858418636024, 'occdist_scale': 0.08942339853383602, 'oscillation_reset_angle': 0.11999743320047856, 'path_distance_bias': 28.132999651134014, 'scaling_speed': 0.24088907856494185, 'sim_granularity': 0.023829896869137883, 'sim_time': 2.5914903124794364, 'stop_time_buffer': 0.5204405242577195, 'theta_stopped_vel': 0.06799844410270453, 'trans_stopped_vel': 0.10125448154285549, 'vth_samples': 29, 'vx_samples': 9, 'vy_samples': 15, 'publish_frequency': 5.504760047420859, 'resolution': 0.05692149765789509, 'transform_tolerance': 1.0256284510716795, 'update_frequency': 1.1124099595472217, 'cost_scaling_factor': 19.15248727053404, 'inflation_radius': 0.694770873337984, 'planner_frequency': 0.0, 'oscillation_timeout': 5.0, 'oscillation_distance': 0.5, 'acc_lim_y': 0.0, 'angular_sim_granularity': 0.1, 'max_vel_y': 0.0, 'min_vel_y': 0.0, 'oscillation_reset_dist': 0.25, 'twirling_scale': 0, 'xy_goal_tolerance': 0.2, 'yaw_goal_tolerance': 0.1}"
22,88.56,3.31,0.4,0,0.2,0.61,"{'controller_frequency': 4.167182050645351, 'planner_patience': 3.9611099138855934, 'controller_patience': 3.8379251286387444, 'conservative_reset_dist': 4.825299017131329, 'acc_lim_theta': 4.917895420640708, 'acc_lim_trans': 0.1272737104445696, 'acc_lim_x': 4.27442329376936, 'forward_point_distance': 0.2881769187748432, 'goal_distance_bias': 12.969921720214188, 'max_scaling_factor': 0.28561174608767037, 'max_vel_theta': 1.469179764855653, 'max_vel_trans': 0.35570150082930924, 'max_vel_x': 0.3992245611269027, 'min_vel_theta': 2.908213089220226, 'min_vel_trans': 0.19299388369545342, 'min_vel_x': -0.14857852812856434, 'occdist_scale': 0.43948030127212406, 'oscillation_reset_angle': 0.33537244200706484, 'path_distance_bias': 23.778221048414707, 'scaling_speed': 0.2924762774258852, 'sim_granularity': 0.01569681474007666, 'sim_time': 1.3360009947791696, 'stop_time_buffer': 1.4653244812041522, 'theta_stopped_vel': 0.07501227706670761, 'trans_stopped_vel': 0.1362638374790549, 'vth_samples': 18, 'vx_samples': 6, 'vy_samples': 2, 'publish_frequency': 5.792173895984888, 'resolution': 0.11769223293289544, 'transform_tolerance': 1.554916095174849, 'update_frequency': 1.531699382700026, 'cost_scaling_factor': 7.9897427167743444, 'inflation_radius': 0.3398725368082523, 'planner_frequency': 0.0, 'oscillation_timeout': 5.0, 'oscillation_distance': 0.5, 'acc_lim_y': 0.0, 'angular_sim_granularity': 0.1, 'max_vel_y': 0.0, 'min_vel_y': 0.0, 'oscillation_reset_dist': 0.25, 'twirling_scale': 0, 'xy_goal_tolerance': 0.2, 'yaw_goal_tolerance': 0.1}"
23,101.84,1.02,0.4,0,0.6,0.69,"{'controller_frequency': 4.975606746971607, 'planner_patience': 3.3877742625772953, 'controller_patience': 6.026146501302719, 'conservative_reset_dist': 3.737511869519949, 'acc_lim_theta': 4.552911181934178, 'acc_lim_trans': 0.3939364973455668, 'acc_lim_x': 4.730348952114582, 'forward_point_distance': 0.49796014130115507, 'goal_distance_bias': 31.053234385326505, 'max_scaling_factor': 0.22376951090991498, 'max_vel_theta': 0.5079184230417013, 'max_vel_trans': 0.31104822470806537, 'max_vel_x': 0.5657254739664495, 'min_vel_theta': 1.888538292143494, 'min_vel_trans': 0.11989325191825628, 'min_vel_x': -0.15602709017693997, 'occdist_scale': 0.32274030465632675, 'oscillation_reset_angle': 0.17171712182462218, 'path_distance_bias': 21.935947760939598, 'scaling_speed': 0.2995965907350182, 'sim_granularity': 0.02120786553248763, 'sim_time': 0.5717790173366666, 'stop_time_buffer': 0.8044479763135314, 'theta_stopped_vel': 0.11115220170468092, 'trans_stopped_vel': 0.11844479786232114, 'vth_samples': 27, 'vx_samples': 4, 'vy_samples': 10, 'publish_frequency': 5.244057298637927, 'resolution': 0.05478671093471349, 'transform_tolerance': 0.2251190768554807, 'update_frequency': 4.481860323809087, 'cost_scaling_factor': 17.80161515250802, 'inflation_radius': 1.4565826311707497, 'planner_frequency': 0.0, 'oscillation_timeout': 5.0, 'oscillation_distance': 0.5, 'acc_lim_y': 0.0, 'angular_sim_granularity': 0.1, 'max_vel_y': 0.0, 'min_vel_y': 0.0, 'oscillation_reset_dist': 0.25, 'twirling_scale': 0, 'xy_goal_tolerance': 0.2, 'yaw_goal_tolerance': 0.1}"
24,40.72,7.95,3.91,0,0,0.42,"{'controller_frequency': 6.734111126512289, 'planner_patience': 6.748922418802977, 'controller_patience': 4.182922661304474, 'conservative_reset_dist': 1.3850724585354328, 'acc_lim_theta': 4.524798466078938, 'acc_lim_trans': 0.43348109833896165, 'acc_lim_x': 2.4633620604872704, 'forward_point_distance': 0.3988722021691501, 'goal_distance_bias': 29.663947839289904, 'max_scaling_factor': 0.27858010195195676, 'max_vel_theta': 1.3559788432903588, 'max_vel_trans': 0.7343226119410247, 'max_vel_x': 0.6864266285207122, 'min_vel_theta': 2.9199806260876358, 'min_vel_trans': 0.1651883182115853, 'min_vel_x': -0.29089496098458767, 'occdist_scale': 0.08489125235937536, 'oscillation_reset_angle': 0.2718765325844288, 'path_distance_bias': 38.90331219881773, 'scaling_speed': 0.2884119195863605, 'sim_granularity': 0.01917947337962687, 'sim_time': 2.3049007775262, 'stop_time_buffer': 1.0495347343385222, 'theta_stopped_vel': 0.10751941679045557, 'trans_stopped_vel': 0.07040686737746, 'vth_samples': 26, 'vx_samples': 8, 'vy_samples': 0, 'publish_frequency': 2.5702010691165924, 'resolution': 0.031199632920324804, 'transform_tolerance': 1.4102829361334444, 'update_frequency': 4.515954841859639, 'cost_scaling_factor': 3.4046598318964243, 'inflation_radius': 0.9225365985184908, 'planner_frequency': 0.0, 'oscillation_timeout': 5.0, 'oscillation_distance': 0.5, 'acc_lim_y': 0.0, 'angular_sim_granularity': 0.1, 'max_vel_y': 0.0, 'min_vel_y': 0.0, 'oscillation_reset_dist': 0.25, 'twirling_scale': 0, 'xy_goal_tolerance': 0.2, 'yaw_goal_tolerance': 0.1}"
25,53.36,5.35,1.35,0,0,0.56,"{'controller_frequency': 6.384015083312988, 'planner_patience': 6.651969164609909, 'controller_patience': 6.60484766587615, 'conservative_reset_dist': 2.3221075534820557, 'acc_lim_theta': 4.386922959424556, 'acc_lim_trans': 0.3332110654562712, 'acc_lim_x': 3.2158135771751404, 'forward_point_distance': 0.6602622437290847, 'goal_distance_bias': 39.049819968640804, 'max_scaling_factor': 0.33079086020588877, 'max_vel_theta': 0.8235330316238105, 'max_vel_trans': 0.4270825312938541, 'max_vel_x': 0.6008786758873612, 'min_vel_theta': 2.114684399217367, 'min_vel_trans': 0.13231594506651165, 'min_vel_x': -0.22004164354875683, 'occdist_scale': 0.4245114773977548, 'oscillation_reset_angle': 0.1588832598179579, 'path_distance_bias': 41.064678095281124, 'scaling_speed': 0.22644697111099957, 'sim_granularity': 0.02114377439953387, 'sim_time': 2.197626984678209, 'stop_time_buffer': 0.12955679558217525, 'theta_stopped_vel': 0.06411006050184369, 'trans_stopped_vel': 0.09014850910753011, 'vth_samples': 11, 'vx_samples': 3, 'vy_samples': 8, 'publish_frequency': 1.2898694528266788, 'resolution': 0.12536805302836002, 'transform_tolerance': 1.3143614068627358, 'update_frequency': 5.965599570423365, 'cost_scaling_factor': 7.134428169578314, 'inflation_radius': 0.6479986812919378, 'planner_frequency': 0.0, 'oscillation_timeout': 5.0, 'oscillation_distance': 0.5, 'acc_lim_y': 0.0, 'angular_sim_granularity': 0.1, 'max_vel_y': 0.0, 'min_vel_y': 0.0, 'oscillation_reset_dist': 0.25, 'twirling_scale': 0, 'xy_goal_tolerance': 0.2, 'yaw_goal_tolerance': 0.1}"
26,77.28,5.57,0.92,0,0,0.51,"{'controller_frequency': 4.250636886805296, 'planner_patience': 3.522146999835968, 'controller_patience': 5.615155763924122, 'conservative_reset_dist': 3.0307037569582462, 'acc_lim_theta': 5.014718801993877, 'acc_lim_trans': 0.18607279621064665, 'acc_lim_x': 4.492328394204378, 'forward_point_distance': 0.5109007292427122, 'goal_distance_bias': 10.176000338979065, 'max_scaling_factor': 0.20758485905826093, 'max_vel_theta': 0.74179741833359, 'max_vel_trans': 0.42225112225860356, 'max_vel_x': 0.6461890345439315, 'min_vel_theta': 2.314809543080628, 'min_vel_trans': 0.17556117875501515, 'min_vel_x': -0.2807801102288067, 'occdist_scale': 0.4437926135957241, 'oscillation_reset_angle': 0.20294307582080365, 'path_distance_bias': 13.881470747292042, 'scaling_speed': 0.1654753889888525, 'sim_granularity': 0.043268083808943626, 'sim_time': 2.840012241154909, 'stop_time_buffer': 0.6328109759837388, 'theta_stopped_vel': 0.14790284363552927, 'trans_stopped_vel': 0.09382916614413261, 'vth_samples': 13, 'vx_samples': 9, 'vy_samples': 8, 'publish_frequency': 3.184454263187945, 'resolution': 0.10212248528376222, 'transform_tolerance': 1.194702634587884, 'update_frequency': 2.762657603248954, 'cost_scaling_factor': 3.7841605730354786, 'inflation_radius': 1.4096310999244452, 'planner_frequency': 0.0, 'oscillation_timeout': 5.0, 'oscillation_distance': 0.5, 'acc_lim_y': 0.0, 'angular_sim_granularity': 0.1, 'max_vel_y': 0.0, 'min_vel_y': 0.0, 'oscillation_reset_dist': 0.25, 'twirling_scale': 0, 'xy_goal_tolerance': 0.2, 'yaw_goal_tolerance': 0.1}"
27,85.24,3.32,0.89,0,0.2,0.61,"{'controller_frequency': 5.206565577536821, 'planner_patience': 4.316372584551573, 'controller_patience': 3.6631781421601772, 'conservative_reset_dist': 4.073139134794474, 'acc_lim_theta': 4.317873583268375, 'acc_lim_trans': 0.42848137319087987, 'acc_lim_x': 2.9375739358365536, 'forward_point_distance': 0.23874127669259906, 'goal_distance_bias': 6.79481646977365, 'max_scaling_factor': 0.21794067174196244, 'max_vel_theta': 0.6111570447683334, 'max_vel_trans': 0.3749367297627032, 'max_vel_x': 0.7195094073191285, 'min_vel_theta': 2.9927769787609577, 'min_vel_trans': 0.16807903004810215, 'min_vel_x': -0.1503406715579331, 'occdist_scale': 0.1808649262879044, 'oscillation_reset_angle': 0.3264826279133558, 'path_distance_bias': 15.790330171585083, 'scaling_speed': 0.2174337450414896, 'sim_granularity': 0.023041692646220326, 'sim_time': 1.058848462998867, 'stop_time_buffer': 0.5818902289494872, 'theta_stopped_vel': 0.12360393535345793, 'trans_stopped_vel': 0.10818314822390676, 'vth_samples': 17, 'vx_samples': 6, 'vy_samples': 10, 'publish_frequency': 5.569285586476326, 'resolution': 0.02258382884785533, 'transform_tolerance': 1.857539366558194, 'update_frequency': 1.204852926544845, 'cost_scaling_factor': 9.42231450136751, 'inflation_radius': 1.2713362958282233, 'planner_frequency': 0.0, 'oscillation_timeout': 5.0, 'oscillation_distance': 0.5, 'acc_lim_y': 0.0, 'angular_sim_granularity': 0.1, 'max_vel_y': 0.0, 'min_vel_y': 0.0, 'oscillation_reset_dist': 0.25, 'twirling_scale': 0, 'xy_goal_tolerance': 0.2, 'yaw_goal_tolerance': 0.1}"
28,104.24,5.28,1.22,0,0,0.48,"{'controller_frequency': 6.02159708365798, 'planner_patience': 6.731775768101215, 'controller_patience': 5.292260646820068, 'conservative_reset_dist': 1.2772173173725605, 'acc_lim_theta': 3.7864097272977233, 'acc_lim_trans': 0.29193043895065784, 'acc_lim_x': 1.8481058739125729, 'forward_point_distance': 0.39686070419847963, 'goal_distance_bias': 20.65047460142523, 'max_scaling_factor': 0.26552795954048636, 'max_vel_theta': 1.7832095175981522, 'max_vel_trans': 0.6739598262123764, 'max_vel_x': 0.3366292827297002, 'min_vel_theta': 1.5260779350064695, 'min_vel_trans': 0.14165873602032664, 'min_vel_x': -0.1780479786917567, 'occdist_scale': 0.4105773311574012, 'oscillation_reset_angle': 0.4257408186793328, 'path_distance_bias': 43.93222976475954, 'scaling_speed': 0.3105217082425952, 'sim_granularity': 0.037045673802495, 'sim_time': 1.1277651386335492, 'stop_time_buffer': 1.4405932312831282, 'theta_stopped_vel': 0.10985487811267375, 'trans_stopped_vel': 0.08480328377336263, 'vth_samples': 30, 'vx_samples': 7, 'vy_samples': 3, 'publish_frequency': 4.407752858474851, 'resolution': 0.12410969708114863, 'transform_tolerance': 0.5838746646419168, 'update_frequency': 1.9032288985326886, 'cost_scaling_factor': 1.7092030188068748, 'inflation_radius': 0.9950214464217424, 'planner_frequency': 0.0, 'oscillation_timeout': 5.0, 'oscillation_distance': 0.5, 'acc_lim_y': 0.0, 'angular_sim_granularity': 0.1, 'max_vel_y': 0.0, 'min_vel_y': 0.0, 'oscillation_reset_dist': 0.25, 'twirling_scale': 0, 'xy_goal_tolerance': 0.2, 'yaw_goal_tolerance': 0.1}"
29,68.64,3.18,1.17,0,0.2,0.65,"{'controller_frequency': 3.151717759668827, 'planner_patience': 5.244433116167784, 'controller_patience': 4.5840783305466175, 'conservative_reset_dist': 2.8705597072839737, 'acc_lim_theta': 3.4271521363407373, 'acc_lim_trans': 0.16212973259389402, 'acc_lim_x': 3.6576838716864586, 'forward_point_distance': 0.6924324886873364, 'goal_distance_bias': 10.040772967040539, 'max_scaling_factor': 0.4394363220781088, 'max_vel_theta': 1.8263623504899442, 'max_vel_trans': 0.6416515570599586, 'max_vel_x': 0.6767627954017371, 'min_vel_theta': 1.816958065610379, 'min_vel_trans': 0.11471764957532288, 'min_vel_x': -0.007267996855080117, 'occdist_scale': 0.4410460416227579, 'oscillation_reset_angle': 0.47251598313450816, 'path_distance_bias': 17.90601771324873, 'scaling_speed': 0.1605994062498212, 'sim_granularity': 0.03983784866519272, 'sim_time': 1.7750076549127698, 'stop_time_buffer': 0.8203901451081037, 'theta_stopped_vel': 0.11309260223060846, 'trans_stopped_vel': 0.0703490911051631, 'vth_samples': 14, 'vx_samples': 7, 'vy_samples': 12, 'publish_frequency': 3.229629000648856, 'resolution': 0.024090599827468397, 'transform_tolerance': 1.0501807687804103, 'update_frequency': 5.926712093874812, 'cost_scaling_factor': 10.324579463340342, 'inflation_radius': 0.49865028597414496, 'planner_frequency': 0.0, 'oscillation_timeout': 5.0, 'oscillation_distance': 0.5, 'acc_lim_y': 0.0, 'angular_sim_granularity': 0.1, 'max_vel_y': 0.0, 'min_vel_y': 0.0, 'oscillation_reset_dist': 0.25, 'twirling_scale': 0, 'xy_goal_tolerance': 0.2, 'yaw_goal_tolerance': 0.1}"
30,157,1.83,0.4,0,0.4,0.53,"{'controller_frequency': 4.42044760659337, 'planner_patience': 6.596030008047819, 'controller_patience': 5.94248890131712, 'conservative_reset_dist': 3.006437584757805, 'acc_lim_theta': 3.406251623947173, 'acc_lim_trans': 0.20626811012625695, 'acc_lim_x': 3.2638288885354996, 'forward_point_distance': 0.6682267509400844, 'goal_distance_bias': 27.663738885894418, 'max_scaling_factor': 0.3992645505815745, 'max_vel_theta': 0.7727775820530951, 'max_vel_trans': 0.5668411295861006, 'max_vel_x': 0.4180348246358335, 'min_vel_theta': 2.110437797382474, 'min_vel_trans': 0.17817407734692098, 'min_vel_x': -0.15043969256803394, 'occdist_scale': 0.46651435089297594, 'oscillation_reset_angle': 0.45563142411410806, 'path_distance_bias': 16.78798407316208, 'scaling_speed': 0.26380456555634735, 'sim_granularity': 0.035954771200194954, 'sim_time': 2.5271816747263074, 'stop_time_buffer': 1.0050465052947402, 'theta_stopped_vel': 0.13860070686787368, 'trans_stopped_vel': 0.08089387463405728, 'vth_samples': 20, 'vx_samples': 6, 'vy_samples': 2, 'publish_frequency': 4.45459071919322, 'resolution': 0.0224347498267889, 'transform_tolerance': 1.5288109293207526, 'update_frequency': 4.528627180494368, 'cost_scaling_factor': 7.092974693514407, 'inflation_radius': 1.0199316378682852, 'planner_frequency': 0.0, 'oscillation_timeout': 5.0, 'oscillation_distance': 0.5, 'acc_lim_y': 0.0, 'angular_sim_granularity': 0.1, 'max_vel_y': 0.0, 'min_vel_y': 0.0, 'oscillation_reset_dist': 0.25, 'twirling_scale': 0, 'xy_goal_tolerance': 0.2, 'yaw_goal_tolerance': 0.1}"
31,64.64,0.78,0.58,0,0.6,0.79,"{'controller_frequency': 4.1926614083349705, 'planner_patience': 3.928788885474205, 'controller_patience': 3.5846105851233006, 'conservative_reset_dist': 2.3340923376381397, 'acc_lim_theta': 4.41114673288539, 'acc_lim_trans': 0.4928216770291328, 'acc_lim_x': 4.832090973854065, 'forward_point_distance': 0.5680482973344624, 'goal_distance_bias': 37.4778111372143, 'max_scaling_factor': 0.3251830775290728, 'max_vel_theta': 0.5604242221452296, 'max_vel_trans': 0.5251912000123411, 'max_vel_x': 0.5054241158533841, 'min_vel_theta': 2.788067014887929, 'min_vel_trans': 0.19562644958496095, 'min_vel_x': -0.2961985004134476, 'occdist_scale': 0.4526184508576989, 'oscillation_reset_angle': 0.35750499293208127, 'path_distance_bias': 30.30536327511072, 'scaling_speed': 0.1758763439953327, 'sim_granularity': 0.023160782111808657, 'sim_time': 1.908549533225596, 'stop_time_buffer': 0.2650578564032912, 'theta_stopped_vel': 0.12538001611828803, 'trans_stopped_vel': 0.11174317682161927, 'vth_samples': 20, 'vx_samples': 10, 'vy_samples': 7, 'publish_frequency': 5.8092022724449635, 'resolution': 0.06093058616854251, 'transform_tolerance': 0.6716617580503226, 'update_frequency': 1.5523943156003952, 'cost_scaling_factor': 11.158900934271514, 'inflation_radius': 0.6958453182131052, 'planner_frequency': 0.0, 'oscillation_timeout': 5.0, 'oscillation_distance': 0.5, 'acc_lim_y': 0.0, 'angular_sim_granularity': 0.1, 'max_vel_y': 0.0, 'min_vel_y': 0.0, 'oscillation_reset_dist': 0.25, 'twirling_scale': 0, 'xy_goal_tolerance': 0.2, 'yaw_goal_tolerance': 0.1}"
32,226.76,1.7,0.4,0,0.4,0.38,"{'controller_frequency': 6.622761785984039, 'planner_patience': 5.3130975887179375, 'controller_patience': 3.7935297042131424, 'conservative_reset_dist': 1.9113605841994286, 'acc_lim_theta': 3.3378557649441065, 'acc_lim_trans': 0.45993029698729515, 'acc_lim_x': 2.8713196255266666, 'forward_point_distance': 0.45257929656654594, 'goal_distance_bias': 30.939753237180412, 'max_scaling_factor': 0.4471960131078959, 'max_vel_theta': 1.8432574146427214, 'max_vel_trans': 0.7480033133178949, 'max_vel_x': 0.41655083633959294, 'min_vel_theta': 1.656937108375132, 'min_vel_trans': 0.14575183503329756, 'min_vel_x': -0.04023383148014548, 'occdist_scale': 0.05533133088611067, 'oscillation_reset_angle': 0.4287030082195997, 'path_distance_bias': 32.03099090605974, 'scaling_speed': 0.23078879844397304, 'sim_granularity': 0.0160685864277184, 'sim_time': 2.734922763891518, 'stop_time_buffer': 0.2924582861363888, 'theta_stopped_vel': 0.08368132822215557, 'trans_stopped_vel': 0.08302645469084383, 'vth_samples': 25, 'vx_samples': 7, 'vy_samples': 4, 'publish_frequency': 5.4979402562603354, 'resolution': 0.026778315901756288, 'transform_tolerance': 1.4416894428431988, 'update_frequency': 5.5389923779293895, 'cost_scaling_factor': 12.384925937280059, 'inflation_radius': 0.8007539045065641, 'planner_frequency': 0.0, 'oscillation_timeout': 5.0, 'oscillation_distance': 0.5, 'acc_lim_y': 0.0, 'angular_sim_granularity': 0.1, 'max_vel_y': 0.0, 'min_vel_y': 0.0, 'oscillation_reset_dist': 0.25, 'twirling_scale': 0, 'xy_goal_tolerance': 0.2, 'yaw_goal_tolerance': 0.1}"
33,64.64,5.41,0.4,0,0,0.54,"{'controller_frequency': 6.281580246984959, 'planner_patience': 6.067835316061974, 'controller_patience': 4.916795328259468, 'conservative_reset_dist': 3.007824055850506, 'acc_lim_theta': 2.385471900366247, 'acc_lim_trans': 0.49247011654078965, 'acc_lim_x': 1.996767845004797, 'forward_point_distance': 0.5616502914577722, 'goal_distance_bias': 8.150227451696992, 'max_scaling_factor': 0.16582551375031473, 'max_vel_theta': 1.4671220439486206, 'max_vel_trans': 0.3858370482455939, 'max_vel_x': 0.44156429073773323, 'min_vel_theta': 2.94686418492347, 'min_vel_trans': 0.15991190867498517, 'min_vel_x': -0.17037767618894575, 'occdist_scale': 0.10514940917491913, 'oscillation_reset_angle': 0.39846899099648003, 'path_distance_bias': 35.309578850865364, 'scaling_speed': 0.15966210328042507, 'sim_granularity': 0.02055053145624697, 'sim_time': 0.5896170902997255, 'stop_time_buffer': 0.12563054766505957, 'theta_stopped_vel': 0.1215555121190846, 'trans_stopped_vel': 0.08910815212875604, 'vth_samples': 14, 'vx_samples': 3, 'vy_samples': 12, 'publish_frequency': 5.975582775659859, 'resolution': 0.14281000307761132, 'transform_tolerance': 1.4255019962787627, 'update_frequency': 2.9745232770219445, 'cost_scaling_factor': 19.644947291351855, 'inflation_radius': 0.6673492658883333, 'planner_frequency': 0.0, 'oscillation_timeout': 5.0, 'oscillation_distance': 0.5, 'acc_lim_y': 0.0, 'angular_sim_granularity': 0.1, 'max_vel_y': 0.0, 'min_vel_y': 0.0, 'oscillation_reset_dist': 0.25, 'twirling_scale': 0, 'xy_goal_tolerance': 0.2, 'yaw_goal_tolerance': 0.1}"
34,105.16,5.4,1.54,0,0,0.47,"{'controller_frequency': 5.004204738885164, 'planner_patience': 6.653249006718397, 'controller_patience': 5.887047931551933, 'conservative_reset_dist': 2.2079589404165745, 'acc_lim_theta': 4.227296903915704, 'acc_lim_trans': 0.23701573684811594, 'acc_lim_x': 1.238901797682047, 'forward_point_distance': 0.5093628418631851, 'goal_distance_bias': 28.627040195278823, 'max_scaling_factor': 0.3492909029126168, 'max_vel_theta': 1.5130270370282233, 'max_vel_trans': 0.5811639932915569, 'max_vel_x': 0.6415170426014811, 'min_vel_theta': 2.6843891059979796, 'min_vel_trans': 0.10802808990702034, 'min_vel_x': -0.03792205480858685, 'occdist_scale': 0.47404233426786957, 'oscillation_reset_angle': 0.30508566424250605, 'path_distance_bias': 20.374722629785538, 'scaling_speed': 0.26736016012728214, 'sim_granularity': 0.04084896521642804, 'sim_time': 1.1676218984648585, 'stop_time_buffer': 0.49946680385619413, 'theta_stopped_vel': 0.09851471362635493, 'trans_stopped_vel': 0.07775337304919958, 'vth_samples': 25, 'vx_samples': 8, 'vy_samples': 6, 'publish_frequency': 4.755540978163481, 'resolution': 0.07548715955577791, 'transform_tolerance': 0.49233647845685485, 'update_frequency': 3.7609293023124337, 'cost_scaling_factor': 2.5357933463528752, 'inflation_radius': 1.4073785405606032, 'planner_frequency': 0.0, 'oscillation_timeout': 5.0, 'oscillation_distance': 0.5, 'acc_lim_y': 0.0, 'angular_sim_granularity': 0.1, 'max_vel_y': 0.0, 'min_vel_y': 0.0, 'oscillation_reset_dist': 0.25, 'twirling_scale': 0, 'xy_goal_tolerance': 0.2, 'yaw_goal_tolerance': 0.1}"
35,61.28,3.38,0.4,0,0.2,0.66,"{'controller_frequency': 6.518471296876669, 'planner_patience': 6.272631540894508, 'controller_patience': 4.730404160916805, 'conservative_reset_dist': 2.2694900818169117, 'acc_lim_theta': 1.6821246871724724, 'acc_lim_trans': 0.32905714549124243, 'acc_lim_x': 2.2120374627411366, 'forward_point_distance': 0.30430526277050374, 'goal_distance_bias': 15.957429925911129, 'max_scaling_factor': 0.3150001022964716, 'max_vel_theta': 0.9275182601995766, 'max_vel_trans': 0.6471153588965535, 'max_vel_x': 0.6212189556565135, 'min_vel_theta': 2.2517778323963284, 'min_vel_trans': 0.10453341025859118, 'min_vel_x': -0.23117835838347672, 'occdist_scale': 0.38080883817747235, 'oscillation_reset_angle': 0.2750862278044224, 'path_distance_bias': 42.889792174100876, 'scaling_speed': 0.16077059973031282, 'sim_granularity': 0.030232418328523636, 'sim_time': 1.2198163224384189, 'stop_time_buffer': 0.3673785850405693, 'theta_stopped_vel': 0.08701239321380853, 'trans_stopped_vel': 0.0827972044236958, 'vth_samples': 16, 'vx_samples': 6, 'vy_samples': 0, 'publish_frequency': 4.156048404052854, 'resolution': 0.043669971246272324, 'transform_tolerance': 0.9514012519270183, 'update_frequency': 4.453873326070607, 'cost_scaling_factor': 5.155069327913225, 'inflation_radius': 1.1195760771632195, 'planner_frequency': 0.0, 'oscillation_timeout': 5.0, 'oscillation_distance': 0.5, 'acc_lim_y': 0.0, 'angular_sim_granularity': 0.1, 'max_vel_y': 0.0, 'min_vel_y': 0.0, 'oscillation_reset_dist': 0.25, 'twirling_scale': 0, 'xy_goal_tolerance': 0.2, 'yaw_goal_tolerance': 0.1}"
36,241.36,3.82,0.74,0,0,0.3,"{'controller_frequency': 5.953964978456497, 'planner_patience': 3.885403297841549, 'controller_patience': 6.009892299771309, 'conservative_reset_dist': 2.8437890633940697, 'acc_lim_theta': 3.4477564224973323, 'acc_lim_trans': 0.285338818654418, 'acc_lim_x': 4.741896823048592, 'forward_point_distance': 0.5027614048682153, 'goal_distance_bias': 7.060976522043347, 'max_scaling_factor': 0.21988892816007138, 'max_vel_theta': 1.0522875310853124, 'max_vel_trans': 0.693452771846205, 'max_vel_x': 0.45591668388806283, 'min_vel_theta': 2.570467494428158, 'min_vel_trans': 0.18275531707331538, 'min_vel_x': -0.10100676035508513, 'occdist_scale': 0.277844978030771, 'oscillation_reset_angle': 0.2826530709862709, 'path_distance_bias': 11.594256199896336, 'scaling_speed': 0.17415824681520461, 'sim_granularity': 0.043420464266091585, 'sim_time': 3.0703289192169905, 'stop_time_buffer': 0.7580956110730767, 'theta_stopped_vel': 0.10458786077797413, 'trans_stopped_vel': 0.05546699035912753, 'vth_samples': 11, 'vx_samples': 9, 'vy_samples': 4, 'publish_frequency': 4.0791099183261395, 'resolution': 0.08062543188221753, 'transform_tolerance': 1.2791589088737965, 'update_frequency': 3.4674538150429726, 'cost_scaling_factor': 1.0539124570786953, 'inflation_radius': 0.3215453054755926, 'planner_frequency': 0.0, 'oscillation_timeout': 5.0, 'oscillation_distance': 0.5, 'acc_lim_y': 0.0, 'angular_sim_granularity': 0.1, 'max_vel_y': 0.0, 'min_vel_y': 0.0, 'oscillation_reset_dist': 0.25, 'twirling_scale': 0, 'xy_goal_tolerance': 0.2, 'yaw_goal_tolerance': 0.1}"
37,77.28,1.88,0.98,0,0.4,0.71,"{'controller_frequency': 6.674251284450293, 'planner_patience': 5.874279506504536, 'controller_patience': 5.336215324699879, 'conservative_reset_dist': 2.435547463595867, 'acc_lim_theta': 3.0767837239429356, 'acc_lim_trans': 0.15589767321944237, 'acc_lim_x': 1.2396679930388927, 'forward_point_distance': 0.31801282791420815, 'goal_distance_bias': 28.865403435193002, 'max_scaling_factor': 0.11995846219360828, 'max_vel_theta': 1.3018837780691683, 'max_vel_trans': 0.42844170341268184, 'max_vel_x': 0.4956336606759578, 'min_vel_theta': 2.6520606921985745, 'min_vel_trans': 0.10649020010605455, 'min_vel_x': -0.02012916896492245, 'occdist_scale': 0.43023581937886773, 'oscillation_reset_angle': 0.18027883730828764, 'path_distance_bias': 48.70105128735304, 'scaling_speed': 0.34540309179574247, 'sim_granularity': 0.02874822297133505, 'sim_time': 3.4034775542095304, 'stop_time_buffer': 0.8503259012475609, 'theta_stopped_vel': 0.0865610714070499, 'trans_stopped_vel': 0.1410022512078285, 'vth_samples': 12, 'vx_samples': 8, 'vy_samples': 9, 'publish_frequency': 2.0988374100998044, 'resolution': 0.08787649518810213, 'transform_tolerance': 0.7709286406636238, 'update_frequency': 5.611488371156156, 'cost_scaling_factor': 14.140064686536789, 'inflation_radius': 0.6239045083522796, 'planner_frequency': 0.0, 'oscillation_timeout': 5.0, 'oscillation_distance': 0.5, 'acc_lim_y': 0.0, 'angular_sim_granularity': 0.1, 'max_vel_y': 0.0, 'min_vel_y': 0.0, 'oscillation_reset_dist': 0.25, 'twirling_scale': 0, 'xy_goal_tolerance': 0.2, 'yaw_goal_tolerance': 0.1}"
38,48,3.26,1.1,0,0.2,0.69,"{'controller_frequency': 4.621458921581507, 'planner_patience': 3.7655083127319813, 'controller_patience': 3.732899311929941, 'conservative_reset_dist': 4.277221359312534, 'acc_lim_theta': 3.694729597028345, 'acc_lim_trans': 0.23268070966005328, 'acc_lim_x': 3.991065263748169, 'forward_point_distance': 0.2652239141985774, 'goal_distance_bias': 35.087065934203565, 'max_scaling_factor': 0.34953276813030243, 'max_vel_theta': 1.0534236100502312, 'max_vel_trans': 0.38334320657886567, 'max_vel_x': 0.3349322687834501, 'min_vel_theta': 2.09274360537529, 'min_vel_trans': 0.15548903876915576, 'min_vel_x': -0.1003182210959494, 'occdist_scale': 0.20654566693119708, 'oscillation_reset_angle': 0.45572398602962494, 'path_distance_bias': 15.108455866575241, 'scaling_speed': 0.27317179627716537, 'sim_granularity': 0.03486081456765532, 'sim_time': 1.4676706101745367, 'stop_time_buffer': 1.019594850204885, 'theta_stopped_vel': 0.053532734699547294, 'trans_stopped_vel': 0.105755250249058, 'vth_samples': 22, 'vx_samples': 8, 'vy_samples': 15, 'publish_frequency': 3.0236893510445952, 'resolution': 0.11973557450808585, 'transform_tolerance': 1.329881650581956, 'update_frequency': 2.7513167252764106, 'cost_scaling_factor': 12.616618151776493, 'inflation_radius': 0.3843623075634241, 'planner_frequency': 0.0, 'oscillation_timeout': 5.0, 'oscillation_distance': 0.5, 'acc_lim_y': 0.0, 'angular_sim_granularity': 0.1, 'max_vel_y': 0.0, 'min_vel_y': 0.0, 'oscillation_reset_dist': 0.25, 'twirling_scale': 0, 'xy_goal_tolerance': 0.2, 'yaw_goal_tolerance': 0.1}"
39,68.64,3.29,0.9,0,0.2,0.65,"{'controller_frequency': 5.1697967648506165, 'planner_patience': 6.437819804996252, 'controller_patience': 6.344062399119139, 'conservative_reset_dist': 2.600333761423826, 'acc_lim_theta': 5.132397999055684, 'acc_lim_trans': 0.3334715686738491, 'acc_lim_x': 1.9459239207208157, 'forward_point_distance': 0.3449206714518368, 'goal_distance_bias': 25.748658794909716, 'max_scaling_factor': 0.39214430563151836, 'max_vel_theta': 1.0021401578560472, 'max_vel_trans': 0.6492335245013237, 'max_vel_x': 0.6611255151685327, 'min_vel_theta': 2.4013903867453337, 'min_vel_trans': 0.12739779194816947, 'min_vel_x': -0.2503933693282306, 'occdist_scale': 0.3731606486719102, 'oscillation_reset_angle': 0.4667231384664774, 'path_distance_bias': 21.403052024543285, 'scaling_speed': 0.21135319937020539, 'sim_granularity': 0.021244111228734253, 'sim_time': 1.2902674786746502, 'stop_time_buffer': 0.10946541503071786, 'theta_stopped_vel': 0.11894298922270537, 'trans_stopped_vel': 0.06455714963376522, 'vth_samples': 13, 'vx_samples': 7, 'vy_samples': 15, 'publish_frequency': 3.7454654593020678, 'resolution': 0.10685708029195667, 'transform_tolerance': 0.8833200698718429, 'update_frequency': 4.8108090637251735, 'cost_scaling_factor': 13.437779065221548, 'inflation_radius': 0.9544703911989927, 'planner_frequency': 0.0, 'oscillation_timeout': 5.0, 'oscillation_distance': 0.5, 'acc_lim_y': 0.0, 'angular_sim_granularity': 0.1, 'max_vel_y': 0.0, 'min_vel_y': 0.0, 'oscillation_reset_dist': 0.25, 'twirling_scale': 0, 'xy_goal_tolerance': 0.2, 'yaw_goal_tolerance': 0.1}"
40,108.12,4.37,0.76,0,0.2,0.52,"{'controller_frequency': 6.849770102649927, 'planner_patience': 4.858255069702864, 'controller_patience': 6.072193663567305, 'conservative_reset_dist': 4.117032799869776, 'acc_lim_theta': 3.3051120404154064, 'acc_lim_trans': 0.4754782561212778, 'acc_lim_x': 4.451677288860083, 'forward_point_distance': 0.48386084185913203, 'goal_distance_bias': 16.485229120589793, 'max_scaling_factor': 0.29076689258217814, 'max_vel_theta': 1.619219571352005, 'max_vel_trans': 0.37441829438321295, 'max_vel_x': 0.611625357856974, 'min_vel_theta': 1.921449257992208, 'min_vel_trans': 0.18880591718479992, 'min_vel_x': -0.0039205298759042995, 'occdist_scale': 0.21241025282070042, 'oscillation_reset_angle': 0.3850081611424685, 'path_distance_bias': 17.49999102205038, 'scaling_speed': 0.26434953324496746, 'sim_granularity': 0.03855781875550747, 'sim_time': 1.7477832054719329, 'stop_time_buffer': 0.29790986571460965, 'theta_stopped_vel': 0.0692023865878582, 'trans_stopped_vel': 0.06708593051880599, 'vth_samples': 26, 'vx_samples': 7, 'vy_samples': 10, 'publish_frequency': 5.301213822327554, 'resolution': 0.044051106665283446, 'transform_tolerance': 0.8644755952060224, 'update_frequency': 1.1450773095712066, 'cost_scaling_factor': 6.152326997369528, 'inflation_radius': 0.37084667086601253, 'planner_frequency': 0.0, 'oscillation_timeout': 5.0, 'oscillation_distance': 0.5, 'acc_lim_y': 0.0, 'angular_sim_granularity': 0.1, 'max_vel_y': 0.0, 'min_vel_y': 0.0, 'oscillation_reset_dist': 0.25, 'twirling_scale': 0, 'xy_goal_tolerance': 0.2, 'yaw_goal_tolerance': 0.1}"
41,158.32,3.65,0.63,0,0.2,0.46,"{'controller_frequency': 3.84570686891675, 'planner_patience': 4.63223110884428, 'controller_patience': 4.847650486975908, 'conservative_reset_dist': 4.3413425385952, 'acc_lim_theta': 1.9544060440734028, 'acc_lim_trans': 0.1803075645118952, 'acc_lim_x': 2.6208124421536922, 'forward_point_distance': 0.403132995031774, 'goal_distance_bias': 38.546379851177335, 'max_scaling_factor': 0.2847061686217785, 'max_vel_theta': 1.2828729385510087, 'max_vel_trans': 0.7062347928062082, 'max_vel_x': 0.37568264664150774, 'min_vel_theta': 1.9592884937301278, 'min_vel_trans': 0.19088470432907345, 'min_vel_x': -0.15103244315832853, 'occdist_scale': 0.22430710163898765, 'oscillation_reset_angle': 0.17189876809716226, 'path_distance_bias': 39.998557046055794, 'scaling_speed': 0.21659280825406313, 'sim_granularity': 0.038540035905316475, 'sim_time': 0.6180420378223062, 'stop_time_buffer': 1.4903976088389754, 'theta_stopped_vel': 0.13934034863486885, 'trans_stopped_vel': 0.1142984563484788, 'vth_samples': 20, 'vx_samples': 5, 'vy_samples': 2, 'publish_frequency': 2.7039530631154776, 'resolution': 0.08776024010032416, 'transform_tolerance': 1.7305339181795716, 'update_frequency': 1.6855425657704473, 'cost_scaling_factor': 8.583332009613514, 'inflation_radius': 0.7610486581921577, 'planner_frequency': 0.0, 'oscillation_timeout': 5.0, 'oscillation_distance': 0.5, 'acc_lim_y': 0.0, 'angular_sim_granularity': 0.1, 'max_vel_y': 0.0, 'min_vel_y': 0.0, 'oscillation_reset_dist': 0.25, 'twirling_scale': 0, 'xy_goal_tolerance': 0.2, 'yaw_goal_tolerance': 0.1}"
42,109.16,1.98,0.76,0,0.2,0.63,"{'controller_frequency': 6.396232087165117, 'planner_patience': 5.175734810531139, 'controller_patience': 5.4396678023040295, 'conservative_reset_dist': 3.524728275835514, 'acc_lim_theta': 2.804949316661805, 'acc_lim_trans': 0.31022545434534554, 'acc_lim_x': 1.3747469000518322, 'forward_point_distance': 0.6559203969314694, 'goal_distance_bias': 5.4319111770018935, 'max_scaling_factor': 0.3558783791959286, 'max_vel_theta': 0.7524683899246156, 'max_vel_trans': 0.6918699671979993, 'max_vel_x': 0.5096116275060922, 'min_vel_theta': 2.175592857878655, 'min_vel_trans': 0.10075037209317089, 'min_vel_x': -0.10190586559474468, 'occdist_scale': 0.22251508510671558, 'oscillation_reset_angle': 0.23763782903552055, 'path_distance_bias': 24.349600188434124, 'scaling_speed': 0.2609280403703451, 'sim_granularity': 0.019410505620762707, 'sim_time': 2.453680684790015, 'stop_time_buffer': 1.4718813840299845, 'theta_stopped_vel': 0.11362306093797088, 'trans_stopped_vel': 0.08915172880515457, 'vth_samples': 25, 'vx_samples': 5, 'vy_samples': 1, 'publish_frequency': 5.85778589732945, 'resolution': 0.10489639852195978, 'transform_tolerance': 1.6308996450155973, 'update_frequency': 2.806485243141651, 'cost_scaling_factor': 9.941338290460408, 'inflation_radius': 0.8995548628270627, 'planner_frequency': 0.0, 'oscillation_timeout': 5.0, 'oscillation_distance': 0.5, 'acc_lim_y': 0.0, 'angular_sim_granularity': 0.1, 'max_vel_y': 0.0, 'min_vel_y': 0.0, 'oscillation_reset_dist': 0.25, 'twirling_scale': 0, 'xy_goal_tolerance': 0.2, 'yaw_goal_tolerance': 0.1}"
43,76.08,3.04,1.04,0,0.2,0.65,"{'controller_frequency': 5.022341139614582, 'planner_patience': 3.9498313181102276, 'controller_patience': 3.7252746894955635, 'conservative_reset_dist': 4.9793365225195885, 'acc_lim_theta': 1.8463345253840089, 'acc_lim_trans': 0.3937915556132794, 'acc_lim_x': 4.100493334233761, 'forward_point_distance': 0.4221105998381972, 'goal_distance_bias': 24.285471960902214, 'max_scaling_factor': 0.2355151165276766, 'max_vel_theta': 0.5141954920254648, 'max_vel_trans': 0.6810196140781045, 'max_vel_x': 0.49080719905905423, 'min_vel_theta': 2.698476175311953, 'min_vel_trans': 0.16853807475417854, 'min_vel_x': -0.06238270187750458, 'occdist_scale': 0.1330323251429945, 'oscillation_reset_angle': 0.3872149653732777, 'path_distance_bias': 23.761843517422676, 'scaling_speed': 0.27029057107865806, 'sim_granularity': 0.021358625153079628, 'sim_time': 1.7609644187614322, 'stop_time_buffer': 0.31882470156997444, 'theta_stopped_vel': 0.13942193398252128, 'trans_stopped_vel': 0.08624703316017986, 'vth_samples': 23, 'vx_samples': 6, 'vy_samples': 8, 'publish_frequency': 5.244148740544915, 'resolution': 0.11083555624820293, 'transform_tolerance': 1.5468295065686106, 'update_frequency': 2.4261735044419765, 'cost_scaling_factor': 14.734065108001232, 'inflation_radius': 1.4242370858788491, 'planner_frequency': 0.0, 'oscillation_timeout': 5.0, 'oscillation_distance': 0.5, 'acc_lim_y': 0.0, 'angular_sim_granularity': 0.1, 'max_vel_y': 0.0, 'min_vel_y': 0.0, 'oscillation_reset_dist': 0.25, 'twirling_scale': 0, 'xy_goal_tolerance': 0.2, 'yaw_goal_tolerance': 0.1}"
44,58.64,3.86,1.17,0,0.2,0.63,"{'controller_frequency': 5.507277794182301, 'planner_patience': 3.1596287824213505, 'controller_patience': 5.272478938102722, 'conservative_reset_dist': 4.735608283430338, 'acc_lim_theta': 2.0592922993935643, 'acc_lim_trans': 0.2448020413517952, 'acc_lim_x': 2.7936970368027687, 'forward_point_distance': 0.6689949146471917, 'goal_distance_bias': 39.62405290454626, 'max_scaling_factor': 0.12829656861722472, 'max_vel_theta': 1.9526109560392797, 'max_vel_trans': 0.7348498185630887, 'max_vel_x': 0.45279254196211693, 'min_vel_theta': 1.6746920538134873, 'min_vel_trans': 0.14206944694742563, 'min_vel_x': -0.14040645556524395, 'occdist_scale': 0.10403001313097776, 'oscillation_reset_angle': 0.13448655791580677, 'path_distance_bias': 47.38330561667681, 'scaling_speed': 0.1657301442697644, 'sim_granularity': 0.028956151949241754, 'sim_time': 1.0205307127907872, 'stop_time_buffer': 0.1825342459604144, 'theta_stopped_vel': 0.11933603985235094, 'trans_stopped_vel': 0.0795704104937613, 'vth_samples': 17, 'vx_samples': 7, 'vy_samples': 6, 'publish_frequency': 1.5536881880834699, 'resolution': 0.09594803042709828, 'transform_tolerance': 1.6954986525699496, 'update_frequency': 1.773902558721602, 'cost_scaling_factor': 7.725638458505273, 'inflation_radius': 0.43792134560644624, 'planner_frequency': 0.0, 'oscillation_timeout': 5.0, 'oscillation_distance': 0.5, 'acc_lim_y': 0.0, 'angular_sim_granularity': 0.1, 'max_vel_y': 0.0, 'min_vel_y': 0.0, 'oscillation_reset_dist': 0.25, 'twirling_scale': 0, 'xy_goal_tolerance': 0.2, 'yaw_goal_tolerance': 0.1}"
45,76.56,1.75,0.7,0,0.4,0.71,"{'controller_frequency': 4.002459853887558, 'planner_patience': 4.127132371068001, 'controller_patience': 3.1726310029625893, 'conservative_reset_dist': 2.795195546001196, 'acc_lim_theta': 3.936887996830046, 'acc_lim_trans': 0.122088285908103, 'acc_lim_x': 3.1243399046361446, 'forward_point_distance': 0.4941815150901675, 'goal_distance_bias': 5.602185623720288, 'max_scaling_factor': 0.27072122246027, 'max_vel_theta': 1.525246199220419, 'max_vel_trans': 0.5796951075084508, 'max_vel_x': 0.5257077385671437, 'min_vel_theta': 2.6437291516922414, 'min_vel_trans': 0.16333641894161702, 'min_vel_x': -0.21310326671227814, 'occdist_scale': 0.30613162303343416, 'oscillation_reset_angle': 0.3987993061542511, 'path_distance_bias': 44.51140098273754, 'scaling_speed': 0.3370293566957116, 'sim_granularity': 0.04139731544069945, 'sim_time': 1.7679039388895035, 'stop_time_buffer': 1.2597224164754153, 'theta_stopped_vel': 0.07771264268085361, 'trans_stopped_vel': 0.08912338195368648, 'vth_samples': 20, 'vx_samples': 5, 'vy_samples': 1, 'publish_frequency': 3.8986763255670667, 'resolution': 0.09122525785118342, 'transform_tolerance': 0.8884439172223211, 'update_frequency': 3.4316305480897427, 'cost_scaling_factor': 9.947251259349287, 'inflation_radius': 1.1808272916823626, 'planner_frequency': 0.0, 'oscillation_timeout': 5.0, 'oscillation_distance': 0.5, 'acc_lim_y': 0.0, 'angular_sim_granularity': 0.1, 'max_vel_y': 0.0, 'min_vel_y': 0.0, 'oscillation_reset_dist': 0.25, 'twirling_scale': 0, 'xy_goal_tolerance': 0.2, 'yaw_goal_tolerance': 0.1}"
46,153,5.51,0.4,0,0,0.39,"{'controller_frequency': 4.919564556330442, 'planner_patience': 5.0979379788041115, 'controller_patience': 5.229697939008474, 'conservative_reset_dist': 2.797969825565815, 'acc_lim_theta': 1.5543657966889441, 'acc_lim_trans': 0.10811237581074239, 'acc_lim_x': 3.059840526431799, 'forward_point_distance': 0.5740652423352003, 'goal_distance_bias': 36.63179189898074, 'max_scaling_factor': 0.45499810576438904, 'max_vel_theta': 0.5909594520926476, 'max_vel_trans': 0.7317641009576619, 'max_vel_x': 0.32131553096696736, 'min_vel_theta': 2.9179129865951836, 'min_vel_trans': 0.1389662883244455, 'min_vel_x': -0.14878551810979843, 'occdist_scale': 0.17229905333369971, 'oscillation_reset_angle': 0.15568456314504148, 'path_distance_bias': 45.5643418058753, 'scaling_speed': 0.17157002538442612, 'sim_granularity': 0.03925952360965311, 'sim_time': 3.4120648559182882, 'stop_time_buffer': 0.6006171783432364, 'theta_stopped_vel': 0.12512342743575572, 'trans_stopped_vel': 0.14340564487501978, 'vth_samples': 14, 'vx_samples': 4, 'vy_samples': 13, 'publish_frequency': 4.548139245249331, 'resolution': 0.13256266315467655, 'transform_tolerance': 1.342782261222601, 'update_frequency': 2.139169572852552, 'cost_scaling_factor': 1.7366907382383943, 'inflation_radius': 0.6829211063683033, 'planner_frequency': 0.0, 'oscillation_timeout': 5.0, 'oscillation_distance': 0.5, 'acc_lim_y': 0.0, 'angular_sim_granularity': 0.1, 'max_vel_y': 0.0, 'min_vel_y': 0.0, 'oscillation_reset_dist': 0.25, 'twirling_scale': 0, 'xy_goal_tolerance': 0.2, 'yaw_goal_tolerance': 0.1}"
47,144.36,2.79,0.95,0,0.2,0.52,"{'controller_frequency': 5.31510378792882, 'planner_patience': 6.457739904522896, 'controller_patience': 3.3090476989746094, 'conservative_reset_dist': 3.6777966916561127, 'acc_lim_theta': 3.1373644273728134, 'acc_lim_trans': 0.23133573792874815, 'acc_lim_x': 1.2700477205216885, 'forward_point_distance': 0.40214954540133474, 'goal_distance_bias': 39.64275897014886, 'max_scaling_factor': 0.26926972791552545, 'max_vel_theta': 1.3968052021227777, 'max_vel_trans': 0.5439179579727351, 'max_vel_x': 0.668444463936612, 'min_vel_theta': 2.8088007769547403, 'min_vel_trans': 0.15888403486460448, 'min_vel_x': -0.06194006698206067, 'occdist_scale': 0.3374031509272754, 'oscillation_reset_angle': 0.24886403344571592, 'path_distance_bias': 17.42570821195841, 'scaling_speed': 0.3461733618751168, 'sim_granularity': 0.03162555780261755, 'sim_time': 2.3285550670698285, 'stop_time_buffer': 0.23896935693919658, 'theta_stopped_vel': 0.0973867891356349, 'trans_stopped_vel': 0.0837374665774405, 'vth_samples': 20, 'vx_samples': 5, 'vy_samples': 14, 'publish_frequency': 5.344544666819274, 'resolution': 0.04068092335015536, 'transform_tolerance': 0.9423161389306187, 'update_frequency': 4.497296408750117, 'cost_scaling_factor': 5.450245772488415, 'inflation_radius': 1.3416012100875379, 'planner_frequency': 0.0, 'oscillation_timeout': 5.0, 'oscillation_distance': 0.5, 'acc_lim_y': 0.0, 'angular_sim_granularity': 0.1, 'max_vel_y': 0.0, 'min_vel_y': 0.0, 'oscillation_reset_dist': 0.25, 'twirling_scale': 0, 'xy_goal_tolerance': 0.2, 'yaw_goal_tolerance': 0.1}"
48,65.96,3.43,1.24,0,0,0.64,"{'controller_frequency': 3.7467375695705414, 'planner_patience': 6.736057203263044, 'controller_patience': 4.6887968853116035, 'conservative_reset_dist': 1.184513233602047, 'acc_lim_theta': 2.2832884764298798, 'acc_lim_trans': 0.1500715982168913, 'acc_lim_x': 4.689544320106506, 'forward_point_distance': 0.3627074299380183, 'goal_distance_bias': 27.46813875157386, 'max_scaling_factor': 0.1602664213627577, 'max_vel_theta': 1.1878559314645827, 'max_vel_trans': 0.5712609850801528, 'max_vel_x': 0.43844710956327615, 'min_vel_theta': 1.6959775225259364, 'min_vel_trans': 0.18419463252648713, 'min_vel_x': -0.19255434405058622, 'occdist_scale': 0.18688688492402433, 'oscillation_reset_angle': 0.10426030196249486, 'path_distance_bias': 33.767411820590496, 'scaling_speed': 0.31193521823734044, 'sim_granularity': 0.01587759350426495, 'sim_time': 1.5224290387704968, 'stop_time_buffer': 0.7743272349238395, 'theta_stopped_vel': 0.12232744544744491, 'trans_stopped_vel': 0.11716672452166677, 'vth_samples': 19, 'vx_samples': 3, 'vy_samples': 9, 'publish_frequency': 2.394363883882761, 'resolution': 0.09860448827035725, 'transform_tolerance': 0.29330203030258417, 'update_frequency': 3.9669779213145375, 'cost_scaling_factor': 17.352555779740214, 'inflation_radius': 0.41567683070898054, 'planner_frequency': 0.0, 'oscillation_timeout': 5.0, 'oscillation_distance': 0.5, 'acc_lim_y': 0.0, 'angular_sim_granularity': 0.1, 'max_vel_y': 0.0, 'min_vel_y': 0.0, 'oscillation_reset_dist': 0.25, 'twirling_scale': 0, 'xy_goal_tolerance': 0.2, 'yaw_goal_tolerance': 0.1}"
49,50.72,8.05,2.26,0,0,0.4,"{'controller_frequency': 6.540662057697773, 'planner_patience': 5.885125659406185, 'controller_patience': 4.529008883982897, 'conservative_reset_dist': 3.7266125790774822, 'acc_lim_theta': 4.67526231110096, 'acc_lim_trans': 0.19736039750277998, 'acc_lim_x': 3.379491686820984, 'forward_point_distance': 0.4980338000692427, 'goal_distance_bias': 20.127973542548716, 'max_scaling_factor': 0.45882531553506856, 'max_vel_theta': 1.1687147757038474, 'max_vel_trans': 0.30404981626197697, 'max_vel_x': 0.6150116588920355, 'min_vel_theta': 2.111044690478593, 'min_vel_trans': 0.14119226848706604, 'min_vel_x': -0.08411963582038878, 'occdist_scale': 0.10289172511547803, 'oscillation_reset_angle': 0.34538586251437664, 'path_distance_bias': 15.790153630077839, 'scaling_speed': 0.17170134466141462, 'sim_granularity': 0.02724143902771175, 'sim_time': 1.8687667436897755, 'stop_time_buffer': 1.3939251279458404, 'theta_stopped_vel': 0.05779758365824819, 'trans_stopped_vel': 0.129191476944834, 'vth_samples': 11, 'vx_samples': 4, 'vy_samples': 10, 'publish_frequency': 1.363262421451509, 'resolution': 0.11238070921041073, 'transform_tolerance': 0.6411379797384142, 'update_frequency': 2.0838438849896193, 'cost_scaling_factor': 10.208932435140014, 'inflation_radius': 0.7086054425686598, 'planner_frequency': 0.0, 'oscillation_timeout': 5.0, 'oscillation_distance': 0.5, 'acc_lim_y': 0.0, 'angular_sim_granularity': 0.1, 'max_vel_y': 0.0, 'min_vel_y': 0.0, 'oscillation_reset_dist': 0.25, 'twirling_scale': 0, 'xy_goal_tolerance': 0.2, 'yaw_goal_tolerance': 0.1}"
50,96.52,1.68,0.4,0,0.4,0.67,"{'controller_frequency': 3.4835649020969868, 'planner_patience': 5.468593597412109, 'controller_patience': 4.367297817021608, 'conservative_reset_dist': 2.706341426819563, 'acc_lim_theta': 2.0915481681004167, 'acc_lim_trans': 0.33786357901990416, 'acc_lim_x': 3.008514702320099, 'forward_point_distance': 0.45747167281806467, 'goal_distance_bias': 8.11656144913286, 'max_scaling_factor': 0.19334016591310502, 'max_vel_theta': 0.5358982551842928, 'max_vel_trans': 0.5807788343634457, 'max_vel_x': 0.464121010992676, 'min_vel_theta': 1.874460142571479, 'min_vel_trans': 0.13012090967968107, 'min_vel_x': -0.11108533535152673, 'occdist_scale': 0.05541281932964921, 'oscillation_reset_angle': 0.14455837532877924, 'path_distance_bias': 49.67168178409338, 'scaling_speed': 0.34040131885558367, 'sim_granularity': 0.027064115479588507, 'sim_time': 1.5594044914469123, 'stop_time_buffer': 1.4320858459919692, 'theta_stopped_vel': 0.12194717032834887, 'trans_stopped_vel': 0.14654323952272535, 'vth_samples': 11, 'vx_samples': 8, 'vy_samples': 9, 'publish_frequency': 5.665558747947216, 'resolution': 0.07683185928501189, 'transform_tolerance': 1.9430260131135584, 'update_frequency': 2.184256114065647, 'cost_scaling_factor': 16.779872379265726, 'inflation_radius': 0.7440371654927731, 'planner_frequency': 0.0, 'oscillation_timeout': 5.0, 'oscillation_distance': 0.5, 'acc_lim_y': 0.0, 'angular_sim_granularity': 0.1, 'max_vel_y': 0.0, 'min_vel_y': 0.0, 'oscillation_reset_dist': 0.25, 'twirling_scale': 0, 'xy_goal_tolerance': 0.2, 'yaw_goal_tolerance': 0.1}"
